,temporal,contingency,comparision,expansion
temporal,0.998506283025956,0.11241715073390612,0.05829436374017726,0.22928874967365484
contingency,0.11241715073390612,0.9995415743120373,0.128554425731554,0.4372198867415142
comparision,0.05829436374017726,0.128554425731554,0.9987072713947082,0.22878690455125666
expansion,0.22928874967365484,0.4372198867415142,0.22878690455125666,0.9996925267504091
