,temporal,contingency,comparision,expansion
temporal,0.9991237253942631,0.15177855699194628,0.10151320923212587,0.2755968383451757
contingency,0.15177855699194628,0.9996651369525517,0.18143499708616634,0.2631841150995206
comparision,0.10151320923212587,0.18143499708616634,0.9993858171247593,0.1725138506723025
expansion,0.2755968383451757,0.2631841150995206,0.1725138506723025,0.9996360437638211
