,temporal,contingency,comparision,expansion
temporal,0.9994933166084974,0.08122792463613199,0.10760476365606118,0.22418685640514247
contingency,0.08122792463613199,0.9996814682799209,0.12653316737251916,0.15169723228535356
comparision,0.10760476365606118,0.12653316737251916,0.9996181658436345,0.0836473391413934
expansion,0.22418685640514247,0.15169723228535356,0.0836473391413934,0.9994381803157038
