,temporal,contingency,comparision,expansion
temporal,0.9950152312378843,0.11501884508806859,0.06214150573248016,0.29061962381659207
contingency,0.11501884508806859,0.9975163369833981,0.1801964813199721,0.31658414451035455
comparision,0.06214150573248016,0.1801964813199721,0.9935717958973772,0.1294521875527875
expansion,0.29061962381659207,0.31658414451035455,0.1294521875527875,0.9967021128463698
