,temporal,contingency,comparision,expansion
temporal,1.0,-0.2981937118633875,-0.46064467160727723,-0.1309079915453091
contingency,-0.2981937118633875,1.0,-0.444531268329772,-0.05547075002219334
comparision,-0.46064467160727723,-0.444531268329772,1.0,-0.18051614806405247
expansion,-0.1309079915453091,-0.05547075002219334,-0.18051614806405247,1.0
