,temporal,contingency,comparision,expansion
temporal,1.0,-0.345711699008738,-0.45749057982006097,-0.29797419131938874
contingency,-0.345711699008738,1.0,-0.40879350775612483,-0.2265206167019312
comparision,-0.45749057982006097,-0.40879350775612483,1.0,-0.2305817659247364
expansion,-0.29797419131938874,-0.2265206167019312,-0.2305817659247364,1.0
