,temporal,contingency,comparision,expansion
temporal,0.9967266775777415,0.02008979260161332,0.055952777751357576,0.21592579144894872
contingency,0.02008979260161332,0.9977685102078261,0.16997643816226393,0.16945689516313714
comparision,0.055952777751357576,0.16997643816226393,0.9966512624740473,0.00252837186830809
expansion,0.21592579144894872,0.16945689516313714,0.00252837186830809,0.9943252752241517
