,temporal,contingency,comparision,expansion
temporal,0.9992740483616595,0.11480050475170506,0.10403616623797167,0.26249058531191755
contingency,0.11480050475170506,0.9996883684245019,0.18529761619783974,0.2542001921217788
comparision,0.10403616623797167,0.18529761619783974,0.9994513570920593,0.1645284583348923
expansion,0.26249058531191755,0.2542001921217788,0.1645284583348923,0.9996112286489524
