,temporal,contingency,comparision,expansion
temporal,0.9954161615955832,0.08438223318864412,0.07397788382302586,0.2824318853054592
contingency,0.08438223318864412,0.9976623376623377,0.1927316308312694,0.2933815488309042
comparision,0.07397788382302586,0.1927316308312694,0.9942226958185156,0.09750563469056525
expansion,0.2824318853054592,0.2933815488309042,0.09750563469056525,0.9964377315474494
