,temporal,contingency,comparision,expansion
temporal,0.9907854861167991,0.12743842969773886,0.04385449509684923,0.3113052561622084
contingency,0.12743842969773886,0.9965842846733058,0.0995863203825052,0.4618132440095485
comparision,0.04385449509684923,0.0995863203825052,0.9862620588594456,0.22058026426136743
expansion,0.3113052561622084,0.4618132440095485,0.22058026426136743,0.997674118103114
