,temporal,contingency,comparision,expansion
temporal,1.0,-0.39195595359431634,-0.3511510550300282,-0.3331685097785496
contingency,-0.39195595359431634,1.0,-0.49259860941796957,-0.19112158919079633
comparision,-0.3511510550300282,-0.49259860941796957,1.0,-0.2023448999506977
expansion,-0.3331685097785496,-0.19112158919079633,-0.2023448999506977,1.0
