,temporal,contingency,comparision,expansion
temporal,1.0,-0.4131022897793519,-0.35007569691722534,-0.2566931087151434
contingency,-0.4131022897793519,1.0,-0.511070796455109,-0.04757558421829921
comparision,-0.35007569691722534,-0.511070796455109,1.0,-0.14050148044539282
expansion,-0.2566931087151434,-0.04757558421829921,-0.14050148044539282,1.0
