,temporal,comparision,expansion
temporal,1.0,0.39537615063644826,0.4476294301885231
comparision,0.39537615063644826,1.0,0.43820357608375826
expansion,0.4476294301885231,0.43820357608375826,1.0
