,temporal,contingency,comparision,expansion
temporal,1.0,-0.15549648604034824,-0.24329249684768603,-0.013713881803517118
contingency,-0.15549648604034824,1.0,-0.2684872774430427,-0.04141786221215927
comparision,-0.24329249684768603,-0.2684872774430427,1.0,-0.08200984402075341
expansion,-0.013713881803517118,-0.04141786221215927,-0.08200984402075341,1.0
