,temporal,contingency,comparision,expansion
temporal,1.0,-0.07659871379469096,-0.10019107365799572,-0.24638877726370378
contingency,-0.07659871379469096,1.0,-0.14680509343886092,-0.4044769495533074
comparision,-0.10019107365799572,-0.14680509343886092,1.0,-0.18912782592068328
expansion,-0.24638877726370378,-0.4044769495533074,-0.18912782592068328,1.0
