,temporal,contingency,comparision,expansion
temporal,1.0,-0.05415774217027277,0.06341039213873084,-0.32827352515139036
contingency,-0.05415774217027277,1.0,-0.15532421300549734,-0.49966989456798755
comparision,0.06341039213873084,-0.15532421300549734,1.0,-0.1984751634129498
expansion,-0.32827352515139036,-0.49966989456798755,-0.1984751634129498,1.0
