,temporal,comparision,expansion
temporal,1.0,0.4857067307216371,0.44546818515370057
comparision,0.4857067307216371,1.0,0.5097513493046036
expansion,0.44546818515370057,0.5097513493046036,1.0
