,temporal,contingency,comparision,expansion
temporal,1.0,-0.23150490994632436,-0.16057887879830338,-0.07407824849590952
contingency,-0.23150490994632436,1.0,-0.3070020763325217,-0.01635462827351154
comparision,-0.16057887879830338,-0.3070020763325217,1.0,-0.010656295660998101
expansion,-0.07407824849590952,-0.01635462827351154,-0.010656295660998101,1.0
